[
  {
    "content": "我们一日日度过的所谓日常,实际上可能是接连不断的奇迹。",
    "from": "《日常》",
    "url": "https://baike.baidu.com/item/日常/5844361"
  },
  {
    "content": "是啊，我所爱的，即非群星，也非银河。",
    "from": "云游君",
    "url": "https://yunyoujun.cn"
  },
  {
    "content": "隐约雷鸣 阴霾天空 但盼风雨来 能留你在此",
    "from": "《万叶集》雷神短歌",
    "url": "https://book.douban.com/subject/1066538/"
  },
  {
    "content": "人类的悲欢并不相通，我只觉得他们吵闹。",
    "from": "《小杂感》鲁迅",
    "url": "https://baike.baidu.com/item/小杂感"
  },
  {
    "content": "遍身罗绮者，不是养蚕人。",
    "from": "《蚕妇》张俞",
    "url": "https://baike.baidu.com/item/蚕妇/40814"
  }
]
